Company,Tanggal,Saham
BANK,2023-09-01,14509073440.0
LAPD,2004-07-23,264398200.0
LAPD,2001-11-13,258000000.0
LAPD,2001-07-17,215000000.0
LAPD,2001-07-17,155000000.0
NICK,2018-05-02,651150000.0
OASA,2023-01-30,6347220000.0
PLAN,2023-08-21,892863204.0
SMKM,2022-03-09,1253000000.0
AALI,2016-06-24,1924688333.0
AALI,2004-05-18,1574745000.0
AALI,1999-07-06,1509600000.0
AALI,1997-12-09,1258000000.0
ABBA,2022-03-10,3935892857.0
ABDA,2004-12-21,275614080.0
ABDA,2003-08-07,137657040.0
ABDA,2002-01-15,105820800.0
ABDA,1996-12-16,35073600.0
ABDA,1996-02-26,17386800.0
ABDA,1993-10-06,9526000.0
ABDA,1993-10-06,9526000.0
ABDA,1990-08-07,5400000.0
ABDA,1990-08-07,8640000.0
ABDA,1989-08-25,5400000.0
ABMM,2011-12-06,2753165000.0
ACES,2007-11-06,422300000000.0
ACST,2021-08-30,12675160000.0
ADES,2007-12-28,589896800.0
ADES,1997-08-07,149720000.0
ADES,1994-06-13,111720000.0
ADES,1994-06-13,88720000.0
ADES,1994-06-11,73720000.0
ADHI,2022-11-14,8407608979.0
ADMF,2004-03-31,100000000.0
ADMF,2004-03-31,1000000000.0
ADMG,2005-01-12,3889179559.0
ADMG,1997-11-10,2240000000.0
ADMG,1996-10-21,1120000000.0
ADMG,1995-08-28,320000000.0
ADMG,1994-11-25,160000000.0
ADMG,1993-10-20,20000000.0
ADMG,1993-10-20,80000000.0
ADRO,2008-07-16,31985962000.0
AGAR,2019-12-02,1000000000.0
AGII,2016-09-28,3066660000.0
AGRO,2022-12-27,24492706736.0
AGRS,2023-08-14,37365877065.0
AHAP,2022-08-25,4900000000.0
AIMS,2016-08-02,220000000.0
AIMS,2001-07-20,40000000.0
AIMS,2001-07-20,110000000.0
AISA,2014-10-02,3218600000.0
AKKU,2014-12-23,253000000.0
AKPI,2021-07-07,612248000.0
AKRA,2022-01-12,20073474600.0
AKSI,2001-07-13,165000000.0
AKSI,2001-07-13,720000000.0
ALDO,2023-08-21,1316856433.0
ALKA,2003-04-03,101533011.0
ALKA,1994-09-01,21450000.0
ALKA,1991-06-20,19500000.0
ALKA,1990-07-12,1500000.0
ALKA,1990-07-12,6500000.0
ALMI,2014-02-12,616000000.0
ALTO,2017-07-17,2191870558.0
AMAG,2007-06-20,1218742000.0
AMAG,2005-12-23,1200000000.0
AMAN,2020-03-13,3873500000.0
AMAR,2022-12-21,18197283760.0
AMFG,2000-12-18,434000000.0
AMFG,1995-11-08,86000000.0
AMFG,1995-11-08,287000000.0
AMIN,2015-12-10,1080000000.0
AMOR,2021-12-08,2222222400.0
AMRT,2015-06-05,41524501700.0
ANDI,2019-11-05,9350000000.0
ANJT,2013-05-08,3333350000.0
ANTM,2015-10-28,20729299654.0
APEX,2022-03-31,2796804997.0
APIC,2019-10-18,11766313488.0
APII,2015-05-28,1075760000.0
APLI,2018-06-08,1362671400.0
APLN,2020-03-24,22699326779.0
ARGO,2023-07-07,3174339029.0
ARII,2022-09-23,3431000000.0
ARKA,2019-07-10,2000000000.0
ARMY,2017-06-21,8187500000.0
ARNA,2009-09-11,1835357744.0
ARNA,2006-06-09,917678872.0
ARNA,2002-11-22,905604150.0
ARNA,2001-07-17,125000000.0
ARNA,2001-07-17,548851000.0
ARTA,2007-06-12,446464000.0
ARTA,2007-02-12,446449000.0
ARTA,2005-07-27,435000000.0
ARTA,2002-11-05,70000000.0
ARTA,2002-11-05,290000000.0
ARTI,2015-01-16,7840000000.0
ARTO,2021-03-18,13726970967.0
ASBI,2016-07-26,348386472.0
ASBI,2006-12-27,174193236.0
ASBI,2006-09-22,141575662.0
ASBI,2000-11-01,80499994.0
ASBI,1997-10-14,23000000.0
ASBI,1997-10-13,9200000.0
ASBI,1994-04-13,4600000.0
ASBI,1989-11-29,1000000.0
ASDM,2002-05-28,192000000.0
ASDM,1999-02-24,96000000.0
ASDM,1997-10-20,64000000.0
ASDM,1997-09-08,40000000.0
ASDM,1992-09-01,19900000.0
ASDM,1992-09-01,20000000.0
ASDM,1991-11-08,10000000.0
ASDM,1989-12-15,2000000.0
ASGR,2002-06-27,1315871000.0
ASGR,2002-05-27,1313464500.0
ASGR,2002-04-26,1308161500.0
ASGR,2000-03-07,1306875000.0
ASGR,1997-12-03,130687500.0
ASGR,1997-11-07,65343750.0
ASGR,1996-07-30,42281250.0
ASGR,1995-02-13,15375000.0
ASGR,1991-04-10,6150000.0
ASGR,1989-11-15,3075000.0
ASII,2004-05-18,4010750831.0
ASII,2003-01-22,3945996831.0
ASII,1999-06-01,2541216656.0
ASII,1997-09-01,2323162474.0
ASII,1997-08-07,1160331237.0
ASII,1994-09-08,1160050400.0
ASII,1994-01-03,288137600.0
ASII,1991-12-18,239698000.0
ASII,1990-04-04,54805000.0
ASJT,2023-01-04,1400000000.0
ASMI,2015-06-09,1408645700.0
ASPI,2023-02-16,681823317.0
ASRI,2007-12-18,3142000000.0
ASRM,2020-09-04,304283840.0
ASSA,2023-05-13,0.0
ATAP,2020-12-11,1250000000.0
ATIC,2015-07-08,1875000000.0
AUTO,2013-05-15,4819733000.0
AYLS,2021-02-15,853423236.0
BABP,2023-06-22,33421497343.0
BACA,2022-12-08,19882244858.0
BACA,2022-12-08,19753494636.0
BAJA,2011-12-21,1800000000.0
BALI,2015-09-02,3481532500.0
BAPA,2008-01-14,150000000.0
BAPA,2008-01-14,650000000.0
BAPI,2022-09-22,5591980103.0
BATA,2013-09-04,1300000000.0
BAYU,2002-04-02,353220780.0
BAYU,1997-08-27,299220780.0
BAYU,1996-07-19,261818182.0
BAYU,1996-07-01,240000000.0
BAYU,1995-07-18,120000000.0
BAYU,1993-09-20,24000000.0
BAYU,1993-04-23,6000000.0
BAYU,1989-10-30,2000000.0
BBCA,2021-10-13,122042299500.0
BBCA,2021-10-13,123275050000.0
BBHI,2015-08-12,3613500000.0
BBKP,2023-06-07,185819884852.0
BBLD,2005-11-21,229351247.0
BBLD,2005-05-11,181484500.0
BBLD,2005-02-25,181384500.0
BBLD,2004-02-05,180000000.0
BBLD,1999-07-26,180000000.0
BBLD,1995-06-20,90000000.0
BBLD,1994-05-31,27010200.0
BBLD,1994-05-31,27011500.0
BBLD,1994-05-31,44987640.0
BBLD,1994-05-31,45000000.0
BBMD,2013-07-08,4049189100.0
BBNI,2007-08-30,15121201105.0
BBNI,2003-12-23,13148870526.0
BBNI,2001-12-12,197233057890.0
BBNI,2001-04-20,197576597975.0
BBNI,1999-07-05,156201206720.0
BBNI,1999-07-02,4296726720.0
BBNI,1996-11-25,4340128000.0
BBRI,2021-10-04,150043411587.0
BBRM,2014-12-12,5367076248.0
BBSI,2022-12-28,3641650791.0
BBSI,2022-12-28,3637976068.0
BBSS,2021-04-16,4800016020.0
BBTN,2023-01-11,13928544413.0
BBTN,2023-01-11,13894099969.0
BBYB,2022-12-08,11944598861.0
BBYB,2022-12-08,11918427523.0
BCAP,2015-05-12,4136062200.0
BCIC,2022-09-02,17926071041.0
BCIP,2009-12-11,1200000000.0
BDMN,2019-05-02,9675817341.0
BEBS,2022-12-21,45000000000.0
BEEF,2023-06-23,7031371419.0
BEKS,2021-10-27,51432014826.0
BEKS,2021-10-27,51351733883.0
BELL,2020-08-03,7250000000.0
BESS,2023-03-14,3440455528.0
BEST,2012-04-10,8765000000.0
BFIN,2017-06-05,15967115620.0
BGTG,2022-12-27,23803371203.0
BGTG,2022-12-27,23731287132.0
BHAT,2020-04-15,5000000000.0
BHIT,2015-01-05,38874443407.0
BIKA,2015-07-14,592280000.0
BIMA,2016-08-29,436175716.0
BIMA,1997-11-04,86000000.0
BIMA,1997-11-03,50000000.0
BIMA,1994-08-30,10000000.0
BIMA,1994-08-30,25000000.0
BINA,2022-12-27,6073369498.0
BIPI,2023-05-23,63710196917.0
BIPP,2015-07-30,4669648436.0
BIRD,2014-11-05,2502100000.0
BISI,2007-05-28,900000000.0
BISI,2007-05-28,3000000000.0
BJBR,2022-03-22,10423055814.0
BJBR,2022-03-22,10416229249.0
BJTM,2020-03-20,14865343101.0
BKDP,2019-11-15,7513992252.0
BKSL,2023-02-21,167708902705.0
BKSW,2023-05-26,34953681505.0
BLTA,2019-05-17,25940187103.0
BLTZ,2014-04-10,337657532.0
BLUE,2019-07-08,418000000.0
BMAS,2022-12-14,8534112229.0
BMRI,2023-04-04,92399999998.0
BMRI,2023-04-04,93333333332.0
BMSR,1999-12-29,130000000.0
BMSR,1999-12-29,336000000.0
BNBA,2022-12-19,3360280000.0
BNBA,2022-12-19,3354120000.0
BNBR,2022-12-23,22084484209.0
BNGA,2005-04-20,2455858301.0
BNGA,2004-10-04,2459770804.0
BNGA,2004-05-21,71807586736.0
BNGA,2004-05-21,2737026284.0
BNGA,2004-05-21,2090340860.0
BNGA,2001-04-25,71807586736.0
BNGA,1999-08-09,71807586736.0
BNGA,1997-09-17,672190987.0
BNGA,1997-09-08,331830278.0
BNGA,1997-02-26,142740957.0
BNII,2014-12-30,67068027368.0
BNLI,2014-01-24,11764996622.0
BOGA,2019-12-27,3803526210.0
BOLA,2019-06-17,6000000000.0
BOLT,2015-07-07,2343750000.0
BOSS,2018-02-15,1400000000.0
BPFI,2015-01-02,1360627100.0
BPII,2022-09-26,515498662.0
BPTR,2023-02-08,3534000000.0
BRAM,2023-01-02,450056980.0
BRIS,2023-03-04,1100000000.0
BRIS,2023-03-04,1200000000.0
BRMS,2022-01-11,141784040338.0
BRNA,2016-10-11,979110000.0
BRNA,1998-08-19,69000000.0
BRNA,1998-08-18,46000000.0
BRNA,1993-09-08,23000000.0
BRNA,1989-11-15,5750000.0
BRNA,1989-11-06,1750000.0
BRPT,2021-06-09,93747218044.0
BSDE,2015-04-14,19246696192.0
BSIM,2014-10-31,13883200857.0
BSSR,2012-11-08,2616500000.0
BSWD,2023-05-05,3651978177.0
BTEK,2017-08-15,46277496376.0
BTEL,2017-03-01,36773904635.0
BTEL,2007-11-06,18953516467.0
BTEL,2006-02-03,18779415495.0
BTON,2016-08-01,720000000.0
BTON,2001-07-18,115000000.0
BTON,2001-07-18,180000000.0
BTPN,1911-01-01,0.0
BTPS,2018-05-08,7626663000.0
BUDI,2015-06-26,4498997362.0
BUKK,2015-06-29,2640452000.0
BULL,2022-07-04,14117801449.0
BUMI,2023-03-09,371320689295.0
BUVA,2023-07-11,19384746546.0
BVIC,2023-09-01,15689753167.0
BWPT,2014-12-29,27021678000.0
BYAN,2022-12-02,33333335000.0
CAKK,2020-11-06,1203300219.0
CAMP,2017-12-19,5885000000.0
CANI,2014-01-16,833440000.0
CARE,2020-03-13,33250000000.0
CARS,2019-06-11,15000000000.0
CASA,2021-07-23,54476269803.0
CASH,2021-05-05,1431125517.0
CASS,2011-12-05,2086950000.0
CBMF,2020-04-09,1875000000.0
CCSI,2021-11-25,1199999998.0
CEKA,2015-08-03,595000000.0
CENT,2015-07-09,10394488300.0
CFIN,2004-12-04,1042214580.0
CFIN,2004-10-15,997214580.0
CFIN,2003-07-02,927212080.0
CFIN,2000-07-11,463606040.0
CFIN,1999-10-27,292517508.0
CFIN,1998-12-10,97505836.0
CFIN,1998-10-19,88800102.0
CFIN,1997-12-22,44400051.0
CFIN,1997-11-07,35550063.0
CFIN,1995-07-24,5950029.0
CINT,2014-06-27,1000000000.0
CITA,2020-02-19,3960361250.0
CITY,2021-02-19,5404710955.0
CLAY,2019-01-18,2570000000.0
CLEO,2018-11-28,12000000000.0
CLPI,2003-05-26,306303500.0
CLPI,2002-08-26,306288500.0
CLPI,2002-08-16,306282500.0
CLPI,2002-07-08,306241500.0
CLPI,2002-06-14,306115500.0
CLPI,2001-11-30,50000000.0
CLPI,2001-11-30,304700000.0
CMNP,2023-09-01,5436242708.0
CMPP,2014-09-03,216000000.0
CNKO,2007-01-11,4246550572.0
CNKO,2004-12-19,3335000000.0
CNKO,2003-11-19,115000000.0
CNKO,2001-11-21,2300000000.0
CNKO,2001-11-21,800000000.0
CNTX,2016-08-12,130000000.0
CNTX,1993-04-15,3500000.0
CNTX,1983-10-15,700000.0
CNTX,1979-05-22,116000.0
COCO,2021-12-27,889863981.0
CPIN,2007-11-01,3284561408.0
CPIN,2007-08-01,1642280704.0
CPIN,2001-01-15,1407669175.0
CPIN,1997-07-02,281533835.0
CPIN,1997-05-26,225227068.0
CPIN,1995-02-07,112613534.0
CPIN,1994-12-01,56306767.0
CPIN,1994-10-20,53339738.0
CPIN,1991-11-11,52500000.0
CPIN,1991-03-18,7500000.0
CPRI,2022-03-14,2433379958.0
CSAP,2023-07-28,5683175151.0
CSIS,2017-05-10,1307000000.0
CSMI,2020-04-09,816061500.0
CSRA,2020-01-09,2050000000.0
CTBN,1999-06-21,80000000.0
CTBN,1999-01-04,50000000.0
CTBN,1994-06-13,45000000.0
CTBN,1993-04-01,30000000.0
CTBN,1992-09-07,6000000.0
CTBN,1990-07-02,5200000.0
CTBN,1989-11-28,1600000.0
CTRA,2023-04-05,18535695255.0
CTTH,2007-11-05,1230839821.0
CTTH,2002-11-28,840000000.0
CTTH,1996-07-03,44000000.0
CTTH,1996-07-03,126000000.0
DADA,2023-02-16,7431530800.0
DART,2007-08-10,1980695481.0
DART,2006-03-23,550000000.0
DART,1997-07-28,550000000.0
DART,1994-11-21,275000000.0
DART,1993-11-17,165000000.0
DART,1992-06-30,132000000.0
DART,1991-11-08,66000000.0
DART,1990-05-08,10000000.0
DART,1990-05-08,16250000.0
DAYA,2018-01-09,2420547025.0
DCII,2021-01-06,2383745900.0
DEAL,2021-11-11,1146170959.0
DEFI,2015-11-23,676000000.0
DEFI,2001-07-06,67600000.0
DEWA,2007-09-26,15223750000.0
DFAM,2021-04-29,1899852850.0
DGIK,2007-12-19,5541165000.0
DGNS,2021-01-15,1250000000.0
DIGI,2020-11-17,1625000000.0
DILD,2007-08-24,3109756083.0
DILD,1998-01-26,462891300.0
DILD,1998-01-26,925782600.0
DILD,1994-06-24,243627000.0
DILD,1992-09-10,41000000.0
DILD,1992-09-10,162418000.0
DILD,1991-09-04,12000000.0
DIVA,2021-09-02,1428571400.0
DKFT,1997-11-21,26000000.0
DKFT,1997-11-21,65000000.0
DLTA,2015-11-03,800659050.0
DLTA,2000-12-21,16013181.0
DLTA,2000-01-04,3361166.0
DLTA,1994-08-04,2940819.0
DLTA,1993-10-15,2145126.0
DLTA,1993-05-21,700042.0
DLTA,1993-05-21,715042.0
DLTA,1992-08-06,636313.0
DLTA,1988-01-30,583632.0
DLTA,1987-04-14,390807.0
DMAS,2015-05-29,48198111100.0
DMMX,2019-10-21,7692307700.0
DMND,2020-01-22,9468359000.0
DNAR,2023-06-08,16777876732.0
DNAR,2023-06-08,16867292274.0
DNET,2013-06-26,14184000000.0
DOID,2014-07-15,8245228732.0
DPNS,2007-07-27,331129952.0
DPNS,2006-06-08,308293404.0
DPNS,2005-08-04,154146702.0
DPNS,2000-09-08,125945820.0
DPNS,1999-08-10,104954850.0
DPNS,1998-10-27,80734500.0
DPNS,1998-10-12,69201000.0
DPNS,1994-10-10,34600500.0
DPNS,1991-12-12,25164000.0
DPNS,1991-09-10,12000000.0
DPUM,2015-12-08,4175000000.0
DSFI,2002-09-10,1857135500.0
DSFI,2002-07-24,1819147750.0
DSFI,2001-01-22,178116000.0
DSFI,2001-01-22,890580000.0
DSFI,2000-03-24,50000000.0
DSFI,2000-03-24,175000000.0
DSNG,2015-10-19,10598500000.0
DSSA,2009-12-10,770552320.0
DUTI,1997-04-15,1387500000.0
DUTI,1997-02-24,693750000.0
DUTI,1996-08-22,346875000.0
DUTI,1995-08-04,277500000.0
DUTI,1994-11-02,25000000.0
DUTI,1994-11-02,225000000.0
DVLA,1998-07-03,560000000.0
DVLA,1998-07-03,995000000.0
DVLA,1996-05-03,140000000.0
DVLA,1995-10-26,125000000.0
DVLA,1995-10-12,62500000.0
DVLA,1994-11-21,31250000.0
DVLA,1994-11-11,30670000.0
DVLA,1994-11-11,10000000.0
DWGL,2022-12-14,9252820991.0
DYAN,2013-03-25,4272964279.0
EAST,2022-07-12,4126405336.0
ECII,2013-07-03,1334333000.0
EDGE,2021-02-08,404050000.0
EKAD,2022-08-22,3493875000.0
ELSA,2008-02-06,7298500000.0
EMDE,2011-01-12,3350000000.0
EMTK,2021-12-29,61241751483.0
ENRG,2015-07-27,49106783762.0
ENVY,2019-07-08,1800000000.0
ENZO,2023-08-29,2162547122.0
EPAC,2020-07-01,3303400000.0
EPMT,2011-03-02,2708640000.0
EPMT,2003-12-01,2280000000.0
EPMT,1999-09-13,456000000.0
EPMT,1997-09-29,228000000.0
EPMT,1995-07-06,114000000.0
EPMT,1994-08-01,60000000.0
ERAA,2021-03-31,15950000000.0
ERTX,2016-06-29,1286539792.0
ERTX,2000-11-23,98236000.0
ERTX,1997-11-24,49118000.0
ERTX,1994-06-10,24559000.0
ERTX,1991-12-11,12279500.0
ERTX,1990-08-21,6139750.0
ESIP,2023-08-18,1109943081.0
ESSA,2023-02-17,17226975700.0
ESTA,2023-07-12,2425354179.0
ESTI,2000-12-11,2011558720.0
ESTI,2000-11-03,272887744.0
ESTI,2000-07-12,253695280.0
ESTI,1996-10-23,126227440.0
ESTI,1994-06-10,58096000.0
ESTI,1992-10-13,4000000.0
ESTI,1992-10-13,34000000.0
ETWA,2021-12-23,4668671400.0
EXCL,2023-01-02,13128430665.0
FAPA,2021-01-04,3629411800.0
FAST,2020-02-12,3990277158.0
FASW,2000-03-29,2477888787.0
FASW,1999-09-20,675787851.0
FASW,1999-09-02,450525234.0
FASW,1995-11-03,225262617.0
FASW,1995-09-12,224647029.0
FASW,1994-12-19,47000000.0
FASW,1994-12-19,222000000.0
FILM,2018-08-07,9511217000.0
FIRE,2020-01-13,1475363179.0
FISH,2002-01-18,80000000.0
FISH,2002-01-18,480000000.0
FITT,2022-06-21,726130199.0
FMII,2023-07-28,3120999633.0
FOOD,2019-01-08,650000000.0
FORU,2005-01-17,465224000.0
FORU,2002-08-16,260224000.0
FORU,2002-08-16,260224000.0
FORU,2002-01-19,260224000.0
FORU,2002-01-17,10224000.0
FORU,2002-01-14,10224000.0
FPNI,2008-01-29,5566414000.0
FPNI,2002-03-21,410200000.0
FPNI,2002-03-21,67000000.0
FREN,2023-09-01,335388079593.0
FUJI,2019-07-09,1105000000.0
GAMA,2012-07-11,10005000000.0
GDST,2018-10-08,9242500000.0
GDYR,2015-07-14,410000000.0
GEMA,2018-07-13,1600000000.0
GEMS,2011-11-17,5882353000.0
GGRM,1996-06-04,1924088000.0
GGRM,1996-06-03,962044000.0
GGRM,1994-05-31,481022000.0
GGRM,1990-08-27,57807800.0
GGRM,1990-08-27,96204400.0
GGRP,2019-09-19,12111376157.0
GHON,2018-04-09,550000000.0
GIAA,2022-12-28,91480783837.0
GJTL,1997-10-20,3168000000.0
GJTL,1996-10-14,1584000000.0
GJTL,1995-09-11,792000000.0
GJTL,1994-02-11,396000000.0
GJTL,1993-02-02,198000000.0
GJTL,1991-07-29,110000000.0
GJTL,1990-11-27,100000000.0
GJTL,1990-05-25,25000000.0
GJTL,1990-05-08,20000000.0
GLOB,2012-07-10,1111112000.0
GLVA,2019-12-23,1500000000.0
GMFI,2017-10-10,28233511500.0
GMTD,2000-12-11,35538000.0
GMTD,2000-12-11,101538000.0
GOLD,2019-07-18,1277276000.0
GOLL,2014-12-23,3665000000.0
GOOD,2021-07-09,36897901455.0
GPRA,2007-10-10,3207489870.0
GSMF,2021-12-24,14230399705.0
GTBO,2009-07-09,2500000000.0
GWSA,2011-12-23,7800760000.0
GZCO,2008-05-15,5000000000.0
HDFA,2015-07-30,2329668917.0
HDIT,2019-07-12,1524680000.0
HEAL,2023-02-16,14967599095.0
HELI,2021-03-31,832862387.0
HERO,2001-09-05,329420000.0
HERO,1997-01-27,235300000.0
HERO,1996-04-15,221300000.0
HERO,1994-01-27,110650000.0
HERO,1992-09-10,51825000.0
HERO,1990-07-18,22412500.0
HERO,1990-04-09,4765000.0
HERO,1989-08-21,1765000.0
HEXA,2005-09-01,840000000.0
HEXA,2002-07-29,168000000.0
HEXA,1998-07-10,84000000.0
HEXA,1995-02-13,42000000.0
HITS,2013-12-27,4769532710.0
HKMU,2018-10-09,3221750000.0
HMSP,2015-10-29,4647310686.0
HOKI,2021-02-18,9677752680.0
HOMI,2022-06-20,1575000000.0
HOTL,2017-12-20,3550001452.0
HRME,2019-04-12,5958750000.0
HRTA,2017-06-21,4605262400.0
HRUM,2022-06-02,13518100000.0
IATA,2023-08-30,25238245190.0
IBFN,2014-12-22,3173720000.0
IBST,2014-05-23,1350904927.0
ICBP,2016-07-27,11661908000.0
ICBP,2010-10-07,5830954000.0
ICON,2014-02-17,1089750000.0
IDPR,2015-12-10,2003000000.0
IFII,2019-12-10,9412000000.0
IFSH,2019-12-05,2125000000.0
IGAR,1995-08-16,1050000000.0
IGAR,1995-07-14,52500000.0
IGAR,1993-12-03,17500000.0
IGAR,1993-09-06,15750000.0
IGAR,1992-05-26,8750000.0
IGAR,1990-11-05,1750000.0
IGAR,1990-11-05,3500000.0
IIKP,2017-05-19,33280000000.0
IKAI,2019-11-28,13305799387.0
IKAN,2020-02-12,833333000.0
IKBI,2016-09-21,1224000000.0
IKBI,1998-04-23,306000000.0
IKBI,1993-09-08,36000000.0
IKBI,1992-09-01,22500000.0
IKBI,1991-01-21,3500000.0
IKBI,1991-01-21,5000000.0
IMAS,2020-08-18,3994291039.0
IMJS,2013-12-10,4325000000.0
IMPC,2023-07-07,54268500000.0
INAF,2002-08-26,3099267500.0
INAF,2001-04-17,596875001.0
INAF,2001-04-17,3096875000.0
INAI,2014-02-12,316800000.0
INCF,2016-09-06,1438370465.0
INCF,1998-06-15,33600000.0
INCF,1996-02-05,22400000.0
INCF,1990-07-27,11200000.0
INCF,1989-12-18,1200000.0
INCI,2023-07-27,207656617.0
INCO,2004-08-03,993633872.0
INCO,1990-05-16,248408468.0
INDF,2007-09-29,9444189000.0
INDF,2004-05-24,9444189000.0
INDF,2004-05-10,9443308500.0
INDF,2004-04-28,9443307500.0
INDF,2004-04-22,9443306500.0
INDF,2004-02-09,9443304500.0
INDF,2004-02-06,9443295500.0
INDF,2003-07-12,9443269500.0
INDF,2003-05-21,9386168500.0
INDF,2003-05-20,9385088500.0
INDO,2022-12-07,4382841253.0
INDR,1996-12-09,657914047.0
INDR,1995-10-16,501649684.0
INDR,1995-06-08,353714702.0
INDR,1995-02-20,328803189.0
INDR,1993-06-10,24421637.0
INDR,1990-08-03,7000000.0
INDS,2013-07-30,525000000.0
INDX,2013-07-29,437913588.0
INDY,2008-06-11,5207142000.0
INKP,2001-04-30,5466649816.0
INKP,2000-10-22,4998349514.0
INKP,1997-09-03,2630478104.0
INKP,1997-09-03,4342775986.0
INKP,1997-07-11,2553532529.0
INKP,1996-10-03,1099700148.0
INKP,1996-10-03,1183780497.0
INKP,1996-10-03,1278306149.0
INKP,1996-04-15,952140384.0
INKP,1995-12-14,760845676.0
INOV,2019-07-10,1808221900.0
INPC,2021-12-22,20021178779.0
INPP,2015-07-23,11181971732.0
INPS,2018-04-06,650000000.0
INRU,1994-01-01,422076768.0
INRU,1991-06-10,405000000.0
INRU,1990-06-18,270000000.0
INTA,2020-06-12,3343935022.0
INTD,2017-06-14,591828000.0
INTP,2003-05-12,3681231699.0
INTP,2001-04-24,3681223519.0
INTP,2001-01-09,2484316447.0
INTP,1996-09-02,2414453320.0
INTP,1994-11-10,1207226660.0
INTP,1994-09-12,697264531.0
INTP,1994-09-12,1199367262.0
INTP,1994-09-02,97474511.0
INTP,1994-08-12,97265663.0
INTP,1994-05-30,97253049.0
IPCC,2018-07-09,1818384820.0
IPCM,2017-12-22,5284811100.0
IPOL,2010-07-09,6440500780.0
IPTV,2021-07-13,42197950841.0
IRRA,2019-10-15,1600000000.0
ISAT,2022-01-05,8062702740.0
ISSP,2013-02-22,7185992035.0
ITIC,2019-07-04,940720000.0
ITMA,2022-10-14,999053167.0
ITMG,2007-12-18,1129925000.0
JAST,2023-08-16,1082575543.0
JAWA,2011-05-30,3774685500.0
JAYA,2023-08-24,795638304.0
JECC,1997-09-15,151200000.0
JECC,1994-08-16,75600000.0
JECC,1992-11-18,10000000.0
JECC,1992-11-18,42000000.0
JGLE,2016-06-29,22581909405.0
JKON,2013-07-22,3261703972.0
JPFA,2018-06-20,11726575201.0
JRPT,2013-08-01,13750000000.0
JSKY,2019-08-16,2032540000.0
JSMR,2016-12-16,7257871200.0
JSMR,2007-11-12,2040000000.0
JSPT,2002-12-11,2318736000.0
JSPT,1998-01-12,50000000.0
JSPT,1998-01-12,536000000.0
JTPE,2022-07-28,6852050000.0
KAEF,2023-08-21,5562385995.0
KARW,2001-07-27,587152700.0
KARW,1997-06-05,585000000.0
KARW,1996-08-19,130000000.0
KARW,1996-08-19,195000000.0
KARW,1994-12-20,20000000.0
KARW,1994-12-20,65000000.0
KAYU,2019-07-04,665000000.0
KBAG,2023-04-12,7150002603.0
KBLI,2007-01-01,4007235107.0
KBLI,2003-01-02,3075000000.0
KBLI,1997-12-12,560000000.0
KBLI,1997-06-07,280000000.0
KBLI,1994-06-16,140000000.0
KBLI,1993-09-27,70000000.0
KBLI,1993-07-06,10000000.0
KBLI,1993-07-06,50000000.0
KBLM,1995-07-07,56000000.0
KBLM,1995-07-07,1120000000.0
KBLM,1995-05-08,28000000.0
KBLM,1992-06-01,14000000.0
KBLM,1992-06-01,3100000.0
KBLV,2000-02-25,20000000.0
KDSI,2000-07-10,301000000.0
KDSI,1996-07-29,50000000.0
KDSI,1996-07-29,150500000.0
KEEN,2019-09-02,3666312500.0
KEJU,2019-11-25,1500000000.0
KIAS,2008-07-12,8425000000.0
KIAS,1997-07-09,425000000.0
KIAS,1997-02-24,170000000.0
KIAS,1994-12-08,25000000.0
KIAS,1994-12-08,85000000.0
KICI,2016-08-23,276000000.0
KICI,1995-12-16,138000000.0
KICI,1995-07-21,69000000.0
KICI,1993-10-28,10000000.0
KICI,1993-10-28,50000000.0
KIJA,2015-08-10,20662178685.0
KINO,2015-12-11,1428571500.0
KIOS,2023-08-11,1075862411.0
KJEN,2019-07-01,500000000.0
KKGI,2017-03-27,5000000000.0
KKGI,1999-09-28,250000000.0
KKGI,1997-06-02,100000000.0
KKGI,1994-10-31,50000000.0
KKGI,1992-01-28,25000000.0
KKGI,1991-07-01,4500000.0
KKGI,1991-07-01,9000000.0
KLBF,2005-12-21,10156014422.0
KLBF,2004-01-02,8121600000.0
KLBF,2000-12-06,4060800000.0
KLBF,1999-09-27,2160000000.0
KLBF,1996-10-07,432000000.0
KLBF,1994-07-18,183600000.0
KLBF,1994-07-18,216000000.0
KLBF,1993-06-25,108000000.0
KLBF,1992-04-29,50000000.0
KLBF,1992-04-29,100000000.0
KMDS,2020-09-07,800000000.0
KMTR,2019-02-12,8215366379.0
KOBX,2012-07-05,2272500000.0
KOIN,2008-04-09,1100000000.0
KONI,2021-12-03,312000000.0
KOPI,2015-05-04,697266668.0
KOTA,2021-03-31,10546185701.0
KPAS,2021-10-04,768043253.0
KPIG,2022-06-06,88688299330.0
KRAS,2016-12-08,19346396900.0
KRAS,2010-11-10,15775000000.0
KREN,2016-06-23,18208470100.0
KREN,2005-02-05,365219000.0
KREN,2002-06-28,100000000.0
KREN,2002-06-28,365000000.0
LAND,2018-08-23,2792620000.0
LCGP,2014-10-09,5630000009.0
LCKM,2018-01-16,1000000000.0
LEAD,2015-05-19,2577028572.0
LFLO,2022-04-07,1303534163.0
LIFE,2019-09-26,2100000000.0
LINK,2014-06-02,3042649384.0
LION,2015-09-02,520160000.0
LMAS,2005-05-27,790581075.0
LMAS,2004-12-30,775963955.0
LMAS,2004-08-09,775645155.0
LMAS,2004-05-25,705380100.0
LMAS,2003-11-05,702650550.0
LMAS,2003-10-20,702630550.0
LMAS,2003-07-16,702626550.0
LMAS,2003-05-28,698876550.0
LMAS,2003-05-25,697312050.0
LMAS,2003-02-07,694582500.0
LMPI,2005-08-08,1008517669.0
LMPI,2005-01-07,528474680.0
LMPI,2003-01-02,443706186.0
LMPI,2001-09-25,346344895.0
LMPI,2000-12-20,258278400.0
LMPI,1997-11-10,215232000.0
LMPI,1997-07-21,188800000.0
LMPI,1997-07-18,94400000.0
LMPI,1994-10-17,41000000.0
LMPI,1994-10-17,59000000.0
LMSH,2015-09-02,96000000.0
LPCK,2019-07-11,2679600000.0
LPGI,2022-08-03,300000000.0
LPIN,2019-05-24,425000000.0
LPKR,2019-07-17,70898018369.0
LPLI,2005-03-28,8068847675.0
LPLI,1999-11-26,12120345846.0
LPLI,1996-11-26,8273505240.0
LPLI,1996-11-26,8273505240.0
LPLI,1996-07-18,1504273680.0
LPLI,1996-07-15,385711200.0
LPLI,1996-05-30,136830873.0
LPLI,1996-05-30,192855600.0
LPLI,1996-05-06,91220582.0
LPLI,1994-06-17,45610291.0
LPPF,2023-06-07,2260292880.0
LPPS,1997-07-31,1594000000.0
LPPS,1994-03-28,13500000.0
LPPS,1994-03-28,28000000.0
LRNA,2014-04-15,350000000.0
LSIP,2007-10-30,1364572793.0
LSIP,2004-09-22,1095229293.0
LSIP,2004-06-24,765709793.0
LSIP,1997-08-26,485613293.0
LSIP,1996-07-05,38800000.0
LSIP,1996-07-05,202338872.0
LTLS,2015-01-09,1560000000.0
LUCK,2018-11-28,715749640.0
MAIN,2014-04-21,1791000000.0
MAMI,2022-06-06,12299317590.0
MAPA,2023-07-17,28504000000.0
MAPB,2023-08-18,2387922900.0
MAPI,2018-06-04,16600000000.0
MARI,2018-07-17,5252644000.0
MARK,2019-02-11,3800000310.0
MASA,2007-06-26,6118875000.0
MASA,2007-02-22,3496500000.0
MASA,2005-06-09,1000000000.0
MASA,2005-06-09,3330000000.0
MAYA,2015-10-08,4261374585.0
MBAP,2014-07-10,1227271952.0
MBSS,2011-04-06,1706265000.0
MBTO,2011-01-13,1070000000.0
MCAS,2017-11-01,867933300.0
MCOR,2015-02-16,5857647196.0
MDIA,2014-04-11,3921553840.0
MDKA,2015-06-19,3049108823.0
MDKI,2018-12-28,2530150002.0
MDLN,2013-11-13,6419375946.0
MDRN,2014-11-03,4574697999.0
MEDC,2020-12-16,25136231252.0
MEGA,2022-03-24,11664392259.0
MEGA,2022-03-24,11623514905.0
MERK,2015-12-21,448000000.0
MERK,2000-12-22,22400000.0
MERK,1999-05-19,18480000.0
MERK,1981-07-23,1680000.0
META,2019-01-02,17710708194.0
MFIN,2018-08-28,2650000000.0
MFMI,2010-12-29,1015161000.0
MGLV,2022-06-21,1904883411.0
MGNA,2023-07-12,3410475390.0
MGRO,1911-01-01,0.0
MICE,2005-12-21,600000000.0
MIDI,2023-07-25,33435294800.0
MIKA,2015-03-24,1455073600.0
MINA,2018-07-04,6562500000.0
MIRA,2009-10-16,3988914282.0
MIRA,2009-10-16,4426577406.0
MIRA,2008-11-27,3968342371.0
MIRA,2008-11-13,2865651408.0
MIRA,2008-05-30,2736000000.0
MIRA,2007-11-30,1368000000.0
MIRA,2000-08-14,228000000.0
MIRA,1997-01-30,30000000.0
MIRA,1997-01-30,114000000.0
MITI,2022-12-14,3540735503.0
MKNT,2015-10-26,1000000000.0
MKPI,2009-07-10,948194000.0
MLBI,2014-11-06,2107000000.0
MLIA,2022-07-15,6615000000.0
MLPL,2022-03-31,15404243032.0
MLPT,2013-07-08,1875000000.0
MMLP,2015-06-12,5714285000.0
MNCN,2020-10-13,15049787710.0
MOLI,2021-10-14,2724036581.0
MPMX,2013-05-29,4462963276.0
MPOW,2017-07-05,816997053.0
MPPA,2023-07-25,11213771345.0
MPRO,2018-10-09,9942500000.0
MRAT,2002-08-02,428000000.0
MRAT,1995-07-27,27000000.0
MRAT,1995-07-27,107000000.0
MREI,2017-11-29,517791681.0
MSIN,2023-03-08,12135235641.0
MSKY,2019-09-25,1994370480.0
MTDL,2015-07-22,2310169758.0
MTFN,2014-05-05,31842082852.0
MTLA,2015-08-25,7655126330.0
MTPS,2020-04-16,2084850829.0
MTRA,2016-02-10,770000000.0
MTSM,1995-01-06,58212000.0
MTSM,1993-12-27,26460000.0
MTSM,1993-04-19,18900000.0
MTSM,1992-08-12,13500000.0
MTSM,1992-01-08,1500000.0
MTSM,1992-01-08,6000000.0
MTWI,2023-01-12,2924486639.0
MYOH,2000-07-27,150000000.0
MYOH,2000-07-27,1681000000.0
MYOR,2016-08-04,22358699725.0
MYOR,1995-10-19,255528000.0
MYOR,1995-10-19,766584000.0
MYOR,1994-08-22,127764000.0
MYOR,1994-03-01,122850000.0
MYOR,1993-09-08,98280000.0
MYOR,1992-12-30,94500000.0
MYOR,1992-10-15,17010000.0
MYOR,1992-10-15,80010000.0
MYOR,1990-07-04,6300000.0
MYTX,2019-01-15,7747281949.0
NASA,2019-03-20,11004929322.0
NATO,2022-01-19,8001111504.0
NELY,2012-10-11,2350000000.0
NFCX,2018-07-12,666667500.0
NICL,2023-07-12,10635644907.0
NIKL,2009-12-14,2523350000.0
NIRO,2012-09-13,18000000000.0
NISP,2013-11-29,11357888016.0
NOBU,2023-08-28,7425611110.0
NOBU,2023-08-28,7403659460.0
NRCA,2015-03-06,2496257846.0
NZIA,2020-09-28,2197540705.0
OCAP,2003-11-10,50000000.0
OCAP,2003-11-10,273200000.0
OKAS,2023-07-05,2373449165.0
OMRE,2023-01-17,2945211000.0
OPMS,2019-09-23,1000000000.0
PADI,2013-07-19,2174470500.0
PALM,2013-12-27,7039980000.0
PAMG,2019-07-05,3125000000.0
PANI,2022-08-23,13515398377.0
PANR,2001-09-18,400000000.0
PANS,2008-01-15,720000000.0
PANS,2004-07-08,360000000.0
PANS,2002-09-18,320000000.0
PANS,2000-05-31,160000000.0
PANS,2000-05-31,80000000.0
PBID,2017-12-13,1875000000.0
PBRX,2023-02-03,21482028246.0
PBSA,2022-06-22,3000000000.0
PCAR,2017-12-29,1166666700.0
PDES,2008-07-08,715000000.0
PEGE,2018-07-27,2833417056.0
PEHA,2018-12-26,840000000.0
PGAS,2007-04-14,4539885805.0
PGAS,2004-12-13,4377930305.0
PGAS,2003-12-15,4320987000.0
PGJO,2023-01-31,765259095.0
PGLI,2004-12-03,488000000.0
PGLI,2004-06-30,366000000.0
PGLI,2002-05-29,305000000.0
PGLI,2001-06-29,610000000.0
PGLI,2000-04-05,570000000.0
PGUN,2022-12-29,5737848882.0
PICO,2007-06-21,568375000.0
PICO,2003-12-23,531880000.0
PICO,1996-09-23,135500000.0
PICO,1996-09-23,27500000.0
PJAA,2006-07-10,1599999994.0
PJAA,2004-07-02,80000000.0
PJAA,2004-07-02,799999998.0
PKPK,2023-07-27,1200000000.0
PLIN,2006-12-26,3550000000.0
PLIN,2006-12-22,710000000.0
PLIN,2003-10-13,355000000.0
PLIN,1994-05-26,230040500.0
PLIN,1994-05-26,230045500.0
PLIN,1994-05-26,230551600.0
PLIN,1994-05-26,230551800.0
PLIN,1994-05-26,341284700.0
PLIN,1994-05-26,345000000.0
PLIN,1994-01-14,230000000.0
PMJS,2019-12-18,13755600000.0
PMMP,2020-12-18,2353000000.0
PNBN,2007-08-20,19902866185.0
PNBN,2006-09-08,19807260966.0
PNBN,2004-07-08,15865902573.0
PNBN,2002-09-03,14689810755.0
PNBN,1999-10-04,5861205702.0
PNBN,1999-07-05,2918451938.0
PNBN,1999-06-16,1708045717.0
PNBN,1999-06-14,1612793257.0
PNBN,1999-05-24,1632793257.0
PNBN,1998-07-13,1580281331.0
PNBS,2015-06-11,9739424200.0
PNGO,2020-08-31,781250000.0
PNIN,2006-09-07,4831868671.0
PNIN,2003-06-03,3137465822.0
PNIN,2000-08-14,1950708411.0
PNIN,1999-07-06,1950706905.0
PNIN,1999-07-05,1950704538.0
PNIN,1999-05-25,1450608633.0
PNIN,1998-07-13,1450605299.0
PNIN,1997-08-19,1244609009.0
PNIN,1997-08-13,1244584308.0
PNIN,1997-07-23,1244532474.0
PNLF,2007-04-02,24030217521.0
PNLF,2006-09-07,23964219688.0
PNLF,2003-09-05,11981713012.0
PNLF,2003-07-28,11975830476.0
PNLF,1999-12-20,2993362371.0
PNLF,1999-11-11,1447991514.0
PNLF,1998-07-13,1419991514.0
PNLF,1996-12-16,147204792.0
PNLF,1992-12-18,73205564.0
PNLF,1990-09-10,20425564.0
PNSE,2013-07-29,797813496.0
POLA,2022-08-31,2729385300.0
POLI,2019-01-10,2010526400.0
POLL,2018-07-11,8318823600.0
POLU,2019-06-26,750000000.0
POLY,1998-01-05,47538158750.0
POLY,1996-10-03,44064238750.0
POLY,1995-04-18,920000000.0
POLY,1995-04-04,368000000.0
POLY,1992-01-03,92000000.0
POLY,1991-03-12,12000000.0
POOL,2020-03-13,2341366264.0
PORT,2017-03-16,2813941985.0
POSA,2021-05-11,8388870206.0
POWR,2016-06-14,16087156000.0
PPGL,2022-07-22,771178020.0
PPRO,2015-05-19,14044406000.0
PRAS,2005-09-20,588000000.0
PRAS,2003-04-16,117600000.0
PRAS,1997-06-10,44000000.0
PRAS,1997-06-10,76000000.0
PRAS,1997-06-09,40000000.0
PRAS,1994-06-10,20000000.0
PRAS,1994-03-23,6000000.0
PRAS,1990-10-04,3000000.0
PRAS,1990-07-12,2000000.0
PRDA,2016-12-07,937500000.0
PRIM,2021-05-24,3393434905.0
PSAB,2016-06-17,24460000000.0
PSDN,2005-02-02,1440000000.0
PSDN,1997-08-05,360000000.0
PSDN,1997-08-04,240000000.0
PSDN,1994-10-18,30000000.0
PSDN,1994-10-18,120000000.0
PSGO,2019-11-25,18850000000.0
PSKT,2014-12-29,1353041500.0
PSSI,2019-10-11,5417063153.0
PTBA,2017-12-14,11520659245.0
PTDU,2020-12-08,1500000000.0
PTIS,2011-07-12,550165300.0
PTPP,2016-12-27,6199897354.0
PTPP,2010-02-09,4842436500.0
PTPW,2020-02-07,878187500.0
PTRO,2000-12-12,102600000.0
PTRO,1998-05-27,68400000.0
PTRO,1998-05-04,36000000.0
PTRO,1994-11-28,18000000.0
PTRO,1994-06-14,9000000.0
PTRO,1990-05-21,4500000.0
PTSN,2019-07-04,5314344000.0
PTSP,2001-02-05,220808000.0
PTSP,1995-09-29,124000000.0
PTSP,1995-09-11,62000000.0
PTSP,1994-05-30,9000000.0
PTSP,1994-05-30,31000000.0
PUDP,1996-09-16,200000000.0
PUDP,1996-09-16,280000000.0
PUDP,1994-11-18,26000000.0
PUDP,1994-11-18,100000000.0
PURA,2023-01-30,6301930902.0
PURE,2021-04-13,1375181505.0
PURI,2020-09-08,1000000000.0
PWON,2006-08-08,1543577000.0
PWON,2006-03-27,667000000.0
PWON,2006-03-21,442705000.0
PWON,1996-01-29,420000000.0
PWON,1994-12-18,210000000.0
PWON,1992-12-24,105000000.0
PWON,1991-10-01,70000000.0
PWON,1989-10-09,3000000.0
PWON,1989-10-09,20000000.0
PZZA,2018-05-23,3021875000.0
RAJA,2018-09-20,4227082500.0
RALS,2006-10-06,7064000000.0
RALS,2005-07-25,7032000000.0
RALS,2004-10-22,7000000000.0
RALS,2001-02-15,1400000000.0
RALS,1998-05-26,700000000.0
RALS,1996-07-24,350000000.0
RALS,1996-07-24,270000000.0
RANC,2012-06-07,1564487500.0
RBMS,2018-10-25,2656212826.0
RDTX,1997-04-29,268800000.0
RDTX,1994-01-04,136000000.0
RDTX,1991-12-20,94000000.0
RDTX,1990-05-14,85000000.0
RDTX,1990-03-10,84000000.0
REAL,2020-12-16,6633610151.0
RELI,2015-05-21,1800000000.0
RICY,2004-07-28,641717510.0
RICY,1999-06-24,288000000.0
RICY,1998-01-21,100000000.0
RICY,1998-01-21,160000000.0
RIGS,2004-08-18,609130000.0
RIGS,1992-11-29,60913000.0
RIGS,1990-03-05,15000000.0
RIGS,1990-03-05,30456500.0
RISE,2021-10-29,10945000000.0
RMBA,2016-06-28,36401136250.0
RMBA,2002-01-24,6733125000.0
RMBA,2001-01-31,5386500000.0
RMBA,2000-04-25,1795500000.0
RMBA,2000-03-07,179550000.0
RMBA,2000-02-14,66500000.0
RMBA,1997-08-18,13300000.0
RMBA,1994-05-20,6650000.0
RMBA,1993-12-29,3800000.0
RMBA,1990-03-05,1200000.0
ROCK,2020-09-10,1435185100.0
RODA,2008-02-01,13474800000.0
RODA,2001-10-22,150000000.0
RODA,2001-10-22,591000000.0
RONY,2020-04-09,1250000000.0
ROTI,2017-10-24,6186488888.0
RUIS,2006-07-12,770000000.0
SAFE,2016-04-19,615145012.0
SAFE,2005-05-31,391799407.0
SAFE,2002-03-20,316799407.0
SAFE,1997-08-18,213839600.0
SAFE,1996-08-26,199420000.0
SAFE,1996-08-26,208624000.0
SAFE,1996-03-11,184080000.0
SAFE,1995-09-05,177000000.0
SAFE,1995-08-18,118000000.0
SAFE,1994-08-15,11650000.0
SAME,2022-11-14,17129632545.0
SAMF,2020-03-31,5125000000.0
SAPX,2018-10-03,833333300.0
SATU,2020-12-30,1375000000.0
SBAT,2022-11-15,4752982378.0
SCCO,1997-08-25,200583400.0
SCCO,1995-11-24,63527800.0
SCCO,1992-09-22,40685200.0
SCCO,1992-09-01,31000000.0
SCCO,1991-08-31,25000000.0
SCCO,1989-05-31,25000000.0
SCCO,1989-05-24,19200000.0
SCCO,1989-01-20,16000000.0
SCCO,1982-07-20,4800000.0
SCMA,2021-10-29,73895456505.0
SCNP,2020-09-07,2500000000.0
SCPI,2001-01-05,3600000.0
SCPI,1990-06-08,892800.0
SDMU,2013-07-24,1125875000.0
SDPC,2017-12-19,1274000000.0
SDRA,2021-10-05,8502425101.0
SDRA,2021-10-05,8482552020.0
SFAN,2020-06-24,1359934021.0
SGER,2023-08-04,4107613345.0
SHID,1999-06-04,652800000.0
SHID,1997-11-13,326400000.0
SHID,1997-10-17,242512000.0
SHID,1993-08-23,24570000.0
SHID,1993-08-23,24912000.0
SHID,1992-11-25,15570000.0
SHID,1990-05-09,15000000.0
SHID,1990-05-08,11000000.0
SHIP,2018-06-08,2719790000.0
SIDO,2020-09-14,30000000000.0
SILO,2022-04-08,13006125000.0
SIMP,2011-06-09,15816310000.0
SINI,2022-11-09,481000000.0
SIPD,2023-07-28,1839102056.0
SKBM,2014-04-16,922186394.0
SKRN,2023-01-06,7500000000.0
SLIS,2023-08-04,2463335050.0
SMAR,2005-06-29,2872193366.0
SMAR,2005-06-20,1486800000.0
SMAR,2001-02-14,297360000.0
SMAR,1997-08-01,252000000.0
SMAR,1994-06-27,210000000.0
SMAR,1992-11-20,30000000.0
SMAR,1992-11-20,150000000.0
SMBR,2018-06-28,9932534336.0
SMCB,2021-07-29,9019381973.0
SMDM,2014-02-05,4772138237.0
SMDR,2023-01-31,16375600000.0
SMGR,2022-12-28,6751540089.0
SMKL,2022-07-13,3418085290.0
SMMA,2016-08-19,6367664717.0
SMMA,2008-02-18,4822055533.0
SMMA,2008-01-03,4822055415.0
SMMA,2008-01-02,4821895751.0
SMMA,2007-12-28,4682292819.0
SMMT,2014-07-24,3150000000.0
SMRA,2013-07-15,14426781680.0
SMRU,2015-06-11,12498285378.0
SMSM,2016-11-02,5758675440.0
SMSM,2007-01-02,1439668860.0
SMSM,2003-07-08,1298668800.0
SMSM,1999-10-12,259733760.0
SMSM,1998-01-06,196768000.0
SMSM,1996-09-09,34400000.0
SMSM,1996-09-09,114400000.0
SNLK,2021-03-29,450000000.0
SOCI,2014-12-03,7059000000.0
SOFA,2021-07-19,1653574499.0
SOHO,2020-09-08,1269168239.0
SONA,2000-04-07,331200000.0
SONA,1995-06-08,165600000.0
SONA,1995-03-28,55200000.0
SONA,1994-07-08,27600000.0
SONA,1993-09-06,23000000.0
SONA,1993-07-29,11530500.0
SONA,1993-07-23,11500500.0
SONA,1992-07-21,11500000.0
SONA,1992-07-21,1500000.0
SOSS,2023-09-01,766410816.0
SOTS,2021-07-13,1000000075.0
SPMA,2022-07-08,3154092216.0
SPTO,2018-05-14,2700000000.0
SQMI,2019-02-13,15537591429.0
SRAJ,2013-09-27,8030483593.0
SRIL,2017-12-06,20452176844.0
SRSN,2005-10-06,824740000.0
SRSN,2005-10-06,6020000000.0
SRSN,2001-08-06,2200000000.0
SRSN,2000-10-30,220000000.0
SRSN,2000-10-11,110000000.0
SRSN,1994-08-31,28900000.0
SRSN,1993-01-11,5000000.0
SRSN,1993-01-11,17000000.0
SRTG,2021-05-18,13564835000.0
SSIA,2005-12-02,948639000.0
SSIA,1997-03-27,675000000.0
SSIA,1997-03-27,739611500.0
SSIA,1997-03-27,135000000.0
SSMS,2013-12-12,9525000000.0
SSTM,1999-09-27,836707000.0
SSTM,1997-10-24,418353500.0
SSTM,1997-08-20,80000000.0
SSTM,1997-08-20,350306000.0
STAR,2011-07-13,4800000000.0
STTP,2001-12-20,1310000000.0
STTP,2001-07-19,262000000.0
STTP,2000-12-05,247000000.0
STTP,1996-12-16,27000000.0
STTP,1996-12-16,95000000.0
SULI,2022-10-26,4076916802.0
SUPR,2015-01-13,794536033.0
SURE,2018-10-05,1497576771.0
SWAT,2018-06-08,3019200000.0
TALF,2014-01-17,1353435000.0
TAMA,2023-06-19,1200000696.0
TAMU,2019-06-25,37500000000.0
TAPG,2021-04-12,19852540000.0
TARA,2014-07-11,10010000000.0
TAXI,2019-05-23,6145600000.0
TBIG,2019-11-14,22656999445.0
TBLA,2023-04-18,5711988394.0
TBMS,2016-07-12,367340000.0
TBMS,2001-04-17,18367000.0
TBMS,1993-09-30,3367000.0
TCID,2023-06-06,402133334.0
TCPI,2018-07-06,5000000000.0
TEBE,2019-11-18,1285000000.0
TECH,2020-06-04,1256300000.0
TFAS,2019-09-17,1666666500.0
TFCO,2007-11-21,1201950000.0
TFCO,2001-05-03,930000000.0
TFCO,2000-09-27,193200000.0
TFCO,1997-07-28,12880000.0
TFCO,1993-08-03,2975000.0
TFCO,1990-11-24,2035000.0
TFCO,1980-02-26,1100000.0
TGKA,2006-07-10,918492750.0
TGKA,2005-08-30,874755000.0
TGKA,1996-06-18,87475500.0
TGKA,1996-06-13,48597500.0
TGKA,1991-08-14,40500000.0
TGKA,1991-06-17,13500000.0
TGKA,1991-04-22,6500000.0
TGKA,1990-06-19,4920000.0
TGKA,1990-06-11,2500000.0
TGRA,2017-05-16,2750000000.0
TIFA,2021-09-17,3549906716.0
TINS,2014-05-07,7447753454.0
TIRA,2016-01-27,588000000.0
TIRA,2004-07-19,58800000.0
TIRA,1994-08-25,56000000.0
TIRA,1993-07-27,2000000.0
TIRA,1993-07-27,10000000.0
TIRA,1993-07-27,14000000.0
TIRT,2004-08-05,1011774750.0
TIRT,2004-07-28,917000000.0
TIRT,2003-03-14,780000000.0
TIRT,2000-05-15,624000000.0
TIRT,1999-12-13,50000000.0
TIRT,1999-12-13,156000000.0
TKIM,2015-02-11,2671404513.0
TLKM,2013-08-28,100799996399.0
TMAS,2023-05-23,57051500000.0
TMPO,2018-01-29,1058333250.0
TNCA,2018-06-28,421640000.0
TOBA,1911-01-01,0.0
TOPS,2018-07-09,33330000000.0
TOTL,2006-07-25,2750000000.0
TOTO,2015-07-08,1032000000.0
TOWR,2013-07-22,10202925000.0
TOYS,2022-08-03,1435000712.0
TPIA,2022-08-23,86511545092.0
TRAM,2020-12-16,49643627934.0
TRIM,2006-05-11,3655000000.0
TRIM,2006-04-27,3652500000.0
TRIM,2005-07-29,3651260000.0
TRIM,2003-10-20,3650000000.0
TRIM,2000-06-06,3400000000.0
TRIM,2000-04-03,2000000000.0
TRIM,2000-01-31,50000000.0
TRIM,2000-01-31,200000000.0
TRIN,2023-08-16,4551457155.0
TRIS,2022-11-29,3141443831.0
TRJA,2020-08-27,1510200000.0
TRST,2003-12-03,2160648000.0
TRST,2000-10-09,2160000000.0
TRST,2000-08-29,432000000.0
TRST,1996-12-18,288000000.0
TRST,1996-11-25,192000000.0
TRST,1994-01-17,96000000.0
TRST,1993-07-12,48000000.0
TRST,1993-02-11,9000000.0
TRST,1993-02-11,9390000.0
TRST,1990-07-02,3000000.0
TRUK,2018-05-23,435000000.0
TRUS,2015-07-27,800000000.0
TSPC,1911-01-01,0.0
TUGU,2023-05-24,3555575600.0
UANG,2020-07-06,1210000000.0
UCID,2019-12-20,4156572300.0
UFOE,2021-02-01,2287500000.0
ULTJ,2017-08-10,11553528000.0
UNIC,2000-11-14,383331363.0
UNIC,1999-07-16,348481474.0
UNIC,1997-10-06,290400056.0
UNIC,1995-06-13,145200028.0
UNIC,1994-09-13,132000000.0
UNIC,1991-12-03,66000000.0
UNIC,1990-10-03,65400000.0
UNIC,1990-04-06,60000000.0
UNIC,1989-11-06,9000000.0
UNIQ,2021-03-08,3138983000.0
UNSP,2018-07-09,2500162344.0
UNTR,2005-07-14,2851609100.0
UNTR,2004-06-30,2807153600.0
UNTR,2000-09-05,1545600000.0
UNTR,2000-06-26,386400000.0
UNTR,1994-04-04,34500000.0
UNTR,1994-04-04,138000000.0
UNTR,1992-03-25,34500000.0
UNTR,1991-05-27,22636000.0
UNTR,1991-02-20,11136000.0
UNTR,1989-12-26,5136000.0
UNVR,2020-01-02,38150000000.0
URBN,2021-12-14,3232122640.0
VICI,2020-12-17,6708000000.0
VICO,2022-12-15,15217075658.0
VINS,2015-09-28,1450490500.0
VIVA,2011-11-21,15464280000.0
VOKS,2017-07-03,4155602595.0
VRNA,2019-01-25,5687353997.0
WAPO,2001-06-22,520000000.0
WEGE,2017-11-30,9572000000.0
WEHA,2022-08-25,1460554819.0
WICO,2023-07-31,2393710348.0
WIFI,2023-06-21,2255321388.0
WIIM,2012-12-18,2099873760.0
WIKA,2016-11-29,8969951372.0
WIKA,2007-10-29,5846154000.0
WINS,2023-05-25,4359412057.0
WMUU,2021-02-02,12941176500.0
WOMF,2015-03-10,3481481480.0
WOOD,1911-01-01,0.0
WOWS,2019-11-08,2475720000.0
WSBP,2023-08-07,54555721325.0
WSKT,2015-05-21,9913975360.0
WTON,2014-04-08,8715466600.0
YELO,2021-11-25,1912774405.0
YPAS,2008-03-05,668000000.0
YULE,2018-01-05,1785000000.0
ZBRA,2014-11-14,856133009.0
ZINC,2019-04-04,25250000000.0
ZONE,2019-11-29,870171478.0
ZYRX,2023-04-03,1333334556.0
ADCP,2022-02-23,22222222200.0
ADMR,2022-01-03,40882331500.0
ARCI,2021-06-28,24835000000.0
ARKO,2022-07-08,2928495000.0
AVIA,2021-12-08,61953555600.0
BAUT,2023-09-01,4800068293.0
BIKE,2023-08-30,1293365769.0
BINO,2023-08-24,2175017055.0
BMHS,2021-07-06,8603416176.0
BOBA,2021-11-01,1155750000.0
BSML,2021-12-16,1850225000.0
BUKA,2023-04-17,103080325417.0
CMNT,2021-09-08,17125504000.0
CMRY,2021-12-06,7934683000.0
CPRO,2018-06-22,59572382787.0
DEPO,2021-11-24,6790000000.0
DRMA,2021-12-20,4705882300.0
ENAK,2022-02-08,2166666800.0
FLMC,2021-07-08,781250000.0
GOTO,2022-04-11,1184363929502.0
GPSO,2022-09-08,666741103.0
GTSI,2021-09-08,15819142767.0
HAIS,2021-09-01,2626250000.0
HOPE,2022-08-30,2130360201.0
IDEA,2021-09-09,1062437500.0
IPAC,2021-06-30,949868500.0
IPPE,2021-12-09,4600000000.0
JKSW,1997-08-06,150000000.0
JKSW,1997-08-06,50000000.0
KUAS,2022-10-28,1292808150.0
LUCY,2023-09-01,1074688038.0
MASB,2023-01-02,1387737233.0
MCOL,2021-09-07,3555560000.0
MTEL,1911-01-01,0.0
MTMH,2022-04-20,2068526950.0
NPGF,2021-04-14,3240235840.0
NTBK,2023-02-27,2700064877.0
OBMD,2022-12-14,805992931.0
OILS,2022-09-12,454056563.0
OLIV,2023-05-25,1900073314.0
RMKE,2021-12-07,4375000000.0
RSGK,2021-09-08,929675000.0
RUNS,2021-09-08,983557875.0
SBMA,2022-09-12,929926282.0
SEMA,2023-01-12,1347258842.0
SICO,2023-09-01,910045061.0
STAA,2022-03-10,10903372600.0
TAYS,2021-12-06,1098920000.0
TELE,2023-02-10,7310929389.0
TRUE,2023-08-16,7570891905.0
UVCR,2023-07-31,2000144838.0
WGSH,2021-12-06,1042500000.0
WINR,2023-09-01,5235255325.0
WMPP,2021-12-06,29419000000.0
AMMS,2023-09-01,1200039790.0
ASHA,2022-05-27,5000000000.0
ASLC,2022-01-25,12746354780.0
AWAN,2023-04-18,3435000000.0
AXIO,2022-07-20,5840126500.0
BDKR,2023-03-03,4707100000.0
BEER,2023-01-06,4000000000.0
BELI,2022-12-27,118493291840.0
BMBL,2023-09-01,1030074010.0
BSBK,2023-09-01,25091795792.0
BUAH,2022-08-09,1000000000.0
CBPE,2023-01-06,1356250000.0
CBRE,2023-09-01,4538017029.0
CBUT,2022-11-08,3125000000.0
CHEM,2023-07-07,1700014594.0
CHIP,2023-02-08,806000000.0
COAL,2022-09-07,6250000000.0
CRAB,2022-08-10,1950000000.0
DEWI,2022-07-18,2000000000.0
ELIT,2023-09-01,2031490299.0
ELPI,2022-08-08,7412000000.0
EURO,2023-03-14,2548826428.0
FIMP,2023-03-15,400000975.0
GTRA,2023-03-30,1894375000.0
GULA,2022-08-03,1070362500.0
HAJJ,2023-04-05,2290500000.0
HATM,2022-07-26,7000000000.0
IBOS,2023-09-01,8038564683.0
IRSX,2023-09-01,5000334062.0
ISAP,2023-09-01,4020039963.0
JARR,2022-08-04,8000000000.0
KDTN,2023-09-01,1250013122.0
KETR,2022-11-10,2841262838.0
KING,2023-08-31,2600001258.0
KKES,2022-08-08,1500000000.0
KLIN,2023-08-11,1307530330.0
KRYA,2023-07-31,1663943474.0
LABA,2023-08-14,1011320535.0
LAJU,2023-09-01,2149915035.0
MEDS,2022-08-10,1562500000.0
MKTR,2023-09-01,12000116301.0
MMIX,2023-09-01,2400084107.0
MORA,2022-08-08,23646668691.0
MPXL,2023-05-09,2000000000.0
NANO,2023-09-01,4285196441.0
NASI,2021-12-13,807400000.0
NAYZ,2023-08-23,2550001100.0
NETV,2022-01-26,23453177240.0
NINE,2022-12-05,2157000000.0
NSSS,2023-03-10,23788235300.0
OMED,2022-11-08,27058850000.0
PACK,2023-09-01,1537547511.0
PADA,2022-12-08,3150000000.0
PDPP,2022-11-09,2500000000.0
PEVE,2023-01-24,1765625000.0
PGEO,2023-02-24,41396142000.0
PRAY,2022-11-08,13959422300.0
RAFI,2023-08-09,3128140475.0
RCCC,2022-08-02,750000000.0
SAGE,2023-03-08,8033250000.0
SOUL,2023-09-01,1082517351.0
SUNI,2023-01-09,2500000000.0
SWID,2023-07-12,5385004601.0
TLDN,2022-04-12,12946530200.0
TOOL,2023-09-01,2050011340.0
TRGU,2022-07-08,7945412700.0
VAST,2023-09-01,3055702841.0
VTNY,2022-12-15,6265193445.0
WINE,2023-01-10,2710000000.0
WIRG,2023-09-01,11930542776.0
ZATA,2022-11-10,8496000000.0
